{
    "Init_pos": 
    {   
        "x": 443703.533426, 
        "y": 4429467.347665, 
        "speed_x": 0, 
        "speed_y": 5, 
        "heading": 0.78
    },
    "Obstacles": []
}
